line_cd,company_cd,line_name,line_name_k,line_name_h,line_color_c,line_color_t,line_type,lon,lat,zoom,e_status,e_sort
1001,3,中央新幹線,チュウオウシンカンセン,中央新幹線,,,,137.4938965,35.41143805,8,1,1001
1002,3,東海道新幹線,トウカイドウシンカンセン,東海道新幹線,,,,137.7214887,35.14412194,7,0,1002
1003,4,山陽新幹線,サンヨウシンカンセン,山陽新幹線,,,,133.1478961,34.4193377,7,0,1003
1004,2,東北新幹線,トウホクシンカンセン,東北新幹線,,,,140.7631922,38.27426694,7,0,1004
1005,2,上越新幹線,ジョウエツシンカンセン,上越新幹線,,,,139.121488,36.79856473,8,0,1005
1006,2,上越新幹線(ガーラ湯沢支線),ジョウエツシンカンセン,上越新幹線(ガーラ湯沢支線),,,,138.8032504,36.94288211,14,0,1006
1007,2,山形新幹線,ヤマガタシンカンセン,山形新幹線,,,,140.1684778,37.58820881,8,0,1007
1008,2,秋田新幹線,アキタシンカンセン,秋田新幹線,,,,140.3622538,37.75728895,7,0,1008
1009,2,北陸新幹線,ホクリクシンカンセン,北陸新幹線,,,,138.0356977,36.18598137,7,0,1009
1010,6,九州新幹線,キュウシュウシンカンセン,九州新幹線,,,,130.5768238,32.79428002,8,0,1010
1011,1,北海道新幹線,ホッカイドウシンカンセン,北海道新幹線,,,,140.6442261,42.09414637,7,0,1011
1012,6,西九州新幹線,ニシキュウシュウシンカンセン,西九州新幹線,,,,130.0229,33.196289,9,0,1012
11101,1,JR函館本線(函館～長万部),ハコダテホンセン,JR函館本線(函館～長万部),,,,140.4833697,42.23981411,9,0,11101
11102,1,JR函館本線(長万部～小樽),ハコダテホンセン,JR函館本線(長万部～小樽),,,,140.6428878,42.91991023,9,0,11102
11103,1,JR函館本線(小樽～旭川),ハコダテホンセン,JR函館本線(小樽～旭川),,,,141.6979108,43.4150974,9,0,11103
11104,1,JR室蘭本線(長万部・室蘭～苫小牧),ムロランホンセン,JR室蘭本線(長万部・室蘭～苫小牧),,,,141.0063937,42.57071674,9,0,11104
11105,1,JR室蘭本線(苫小牧～岩見沢),ムロランホンセン,JR室蘭本線(苫小牧～岩見沢),,,,141.7444991,42.93841714,10,0,11105
11106,1,JR根室本線(滝川～富良野),ネムロホンセン,JR根室本線(滝川～富良野),,,,142.15,43.5,10,0,11106
11107,1,JR根室本線(新得～釧路),ネムロホンセン,JR根室本線(新得～釧路),,,,143.5647441,42.9656747,9,0,11107
11108,1,花咲線,ハナサキセン,JR根室本線(釧路～根室),,,,145.0642882,43.12755462,9,0,11108
11109,1,JR千歳線,チトセセン,JR千歳線,,,,141.5675688,42.88585087,10,0,11109
11110,1,JR石勝線,セキショウセン,JR石勝線,,,,142.1208103,42.97760967,9,0,11110
11111,1,JR日高本線,ヒダカホンセン,JR日高本線,,,,142.1892282,42.43948998,9,0,11111
11112,1,JR札沼線,サッショウセン,JR札沼線,,,,141.6575101,43.33044878,10,0,11112
11113,1,JR留萌本線,ルモイホンセン,JR留萌本線,,,,141.763792,43.84733117,10,2,11113
11114,1,JR富良野線,フラノセン,JR富良野線,,,,142.4293334,43.60983839,10,0,11114
11115,1,JR宗谷本線,ソウヤホンセン,JR宗谷本線,,,,142.225614,44.6587297,8,0,11115
11116,1,JR石北本線,セキホクホンセン,JR石北本線,,,,143.3629461,43.9613877,8,0,11116
11117,1,JR釧網本線,センモウホンセン,JR釧網本線,,,,144.4337656,43.52373901,9,0,11117
11118,1,JR海峡線,カイキョウセン,JR海峡線,,,,140.329047,41.36657457,9,0,11118
11119,1,JR江差線,エサシセン,JR江差線,,,,140.4168208,41.7753819,10,2,11119
11201,2,JR東北本線(八戸～青森),トウホクホンセン,JR東北本線(八戸～青森),,,,141.1472278,40.69791852,10,2,11201
11202,2,JR奥羽本線(新庄～青森),オウウホンセン,JR奥羽本線(新庄～青森),,,,140.4427173,39.92227066,8,0,11202
11231,2,JR東北本線(黒磯～利府・盛岡),トウホクホンセン,JR東北本線(黒磯～利府・盛岡),,,,140.8981249,38.46142404,8,0,11202
11203,2,はまなすベイライン大湊線,ハマナスベイラインオオミナトセン,JR大湊線,,,,141.2341889,41.07704833,10,0,11203
11204,2,JR五能線,ゴノウセン,JR五能線,,,,140.1536,40.62248824,9,0,11204
11205,2,JR津軽線,ツガルセン,JR津軽線,,,,140.6379643,40.99724898,10,0,11205
11206,2,JR八戸線,ハチノヘセン,JR八戸線,,,,141.7019344,40.40264308,10,0,11206
11207,2,JR岩泉線,イワイズミセン,JR岩泉線,,,,141.7110907,39.75256666,11,2,11207
11208,2,ドラゴンレール大船渡線,ドラゴンレールオオフナトセン,JR大船渡線,,,,141.4724298,38.96164069,10,0,11208
11209,2,銀河ドリームライン釜石線,ギンガドリームラインカマイシセン,JR釜石線,,,,141.5279124,39.32636455,10,0,11209
11210,2,JR北上線,キタカミセン,JR北上線,,,,140.8466239,39.30471879,10,0,11210
11211,2,JR田沢湖線,タザワコセン,JR田沢湖線,,,,140.7685672,39.6934485,10,0,11211
11212,2,十和田八幡平四季彩ライン,トワダハチマンタイシキサイライン,JR花輪線,,,,140.8453488,40.13373143,10,0,11212
11213,2,JR山田線,ヤマダセン,JR山田線,,,,141.6667874,39.59692922,9,0,11213
11214,2,JR羽越本線,ウエツホンセン,JR羽越本線,,,,139.7617803,38.73294117,8,0,11214
11215,2,JR男鹿線,オガセン,JR男鹿線,,,,139.958679,39.89239988,11,0,11215
11216,2,山形線,ヤマガタセン,JR奥羽本線(福島～新庄),,,,140.2833537,38.30771536,9,0,11216
11217,2,JR仙山線,センザンセン,JR仙山線,,,,140.5996186,38.31470035,10,0,11217
11218,2,フルーツライン左沢線,フルーツラインアテラザワセン,JR左沢線,,,,140.2808095,38.33565073,12,0,11218
11219,2,JR米坂線,ヨネサカセン,JR米坂線,,,,139.7703569,38.04498397,10,0,11219
11220,2,奥の細道最上川ライン,オクノホソミチモガミガワライン,JR陸羽西線,,,,140.0961846,38.75534124,10,0,11220
11221,2,奥の細道湯けむりライン,オクノホソミチユケムリライン,JR陸羽東線,,,,140.6813043,38.73003972,10,0,11221
11222,2,JR仙石線,センセキセン,JR仙石線,,,,141.0726418,38.36634216,11,0,11222
11223,2,JR石巻線,イシノマキセン,JR石巻線,,,,141.2522992,38.48686849,11,0,11223
11224,2,JR気仙沼線,ケセンヌマセン,JR気仙沼線,,,,141.4644576,38.69617975,10,0,11224
11225,2,JR磐越西線(郡山～会津若松),バンエツサイセン,JR磐越西線(郡山～会津若松),,,,140.1307905,37.51773393,10,0,11225
11226,2,森と水とロマンの鉄道,モリトミズトロマンノテツドウ,JR磐越西線,,,,139.121445,37.800383,9,0,11226
11227,2,JR只見線,タダミセン,JR只見線,,,,139.4478074,37.39176462,9,0,11227
11228,2,ゆうゆうあぶくまライン,ユウユウアブクマライン,JR磐越東線,,,,140.6426123,37.26977724,10,0,11228
11229,2,JR常磐線(取手～いわき),ジョウバンセン,JR常磐線(取手～いわき),,,,140.5188744,36.51900406,9,0,11229
11230,2,JR常磐線(いわき～仙台),ジョウバンセン,JR常磐線(いわき～仙台),,,,140.9334199,37.66155605,9,0,11230
11301,2,JR東海道本線(東京～熱海),トウカイドウホンセン,JR東海道本線(東京～熱海),,,,139.4302441,35.39507962,10,0,11301
11302,2,JR山手線,ヤマノテセン,JR山手線,,,,139.7352228,35.69302731,12,0,11302
11303,2,JR南武線,ナンブセン,JR南武線,,,,139.5621831,35.62126802,11,0,11303
11304,2,JR鶴見線,ツルミセン,JR鶴見線,,,,139.6973422,35.50322702,13,0,11304
11305,2,JR武蔵野線,ムサシノセン,JR武蔵野線,,,,139.7051131,35.80257708,10,0,11305
11306,2,JR横浜線,ヨコハマセン,JR横浜線,,,,139.4711185,35.56100411,11,0,11306
11307,2,JR根岸線,ネギシセン,JR根岸線,,,,139.5986788,35.41484559,12,0,11307
11308,2,JR横須賀線,ヨコスカセン,JR横須賀線,,,,139.6476186,35.48340539,10,0,11308
11309,2,JR相模線,サガミセン,JR相模線,,,,139.3678017,35.48317493,11,0,11309
11311,2,JR中央本線(東京～塩尻),チュウオウホンセン,JR中央本線(東京～塩尻),,,,138.617358,35.77036734,9,0,11311
11312,2,JR中央線(快速),チュウオウセン,JR中央線(快速),,,,139.5379885,35.70017042,10,0,11312
11313,2,JR中央・総武線,チュウオウ・ソウブセン,JR中央・総武緩行線,,,,139.8371552,35.70164136,10,0,11313
11314,2,JR総武本線,ソウブホンセン,JR総武本線,,,,140.2546612,35.68790263,9,0,11314
11315,2,JR青梅線,オウメセン,JR青梅線,,,,139.2400414,35.78257265,11,0,11315
11316,2,JR五日市線,イツカイチセン,JR五日市線,,,,139.2916574,35.72583044,12,0,11316
11317,2,JR八高線(八王子～高麗川),ハチコウセン,JR八高線(八王子～高麗川),,,,139.3329938,35.78050242,11,0,11317
11318,2,JR八高線(高麗川～高崎),ハチコウセン,JR八高線(高麗川～高崎),,,,139.1796533,36.12104162,10,0,11318
11319,2,宇都宮線,ウツノミヤセン,JR東北本線,,,,139.846403,36.37943924,9,0,11319
11320,2,JR常磐線(上野～取手),ジョウバンセン,JR常磐線(上野～取手),,,,139.9238125,35.81971933,11,0,11320
11321,2,JR埼京線,サイキョウセン,JR埼京線,,,,139.6182015,35.80319582,11,0,11321
11322,2,JR川越線,カワゴエセン,JR川越線,,,,139.4693426,35.90961046,11,0,11322
11323,2,JR高崎線,タカサキセン,JR高崎線,,,,139.4521807,36.09573564,9,0,11323
11324,2,JR外房線,ソトボウセン,JR外房線,,,,140.2798303,35.34873907,10,0,11324
11325,2,JR内房線,ウチボウセン,JR内房線,,,,139.9480808,35.29328827,9,0,11325
11326,2,JR京葉線,ケイヨウセン,JR京葉線,,,,139.93611,35.64364962,11,0,11326
11327,2,JR成田線,ナリタセン,JR成田線,,,,140.3723884,35.86276466,10,0,11327
11328,2,JR成田エクスプレス,ナリタエクスプレス,JR成田エクスプレス,,,,139.7571982,35.69212092,9,0,11328
11329,2,JR鹿島線,カシマセン,JR鹿島線,,,,140.5646973,35.94268442,12,0,11329
11330,2,JR久留里線,クルリセン,JR久留里線,,,,140.0464997,35.3506777,11,0,11330
11331,2,JR東金線,トウガネセン,JR東金線,,,,140.3680586,35.56232866,12,0,11331
11332,2,JR京浜東北線,ケイヒントウホクセン,JR京浜東北線,,,,139.6425121,35.63929556,10,0,11332
11333,2,JR湘南新宿ライン,ショウナンシンジュクライン,JR湘南新宿ライン,,,,139.6229437,35.65739974,10,0,11333
11343,2,上野東京ライン,ウエノトウキョウライン,上野東京ライン,,,,139.7721004,35.69745581,14,0,11333
11334,2,JR烏山線,カラスヤマセン,JR烏山線,,,,140.0649785,36.65874003,12,0,11334
11335,2,JR吾妻線,アガツマセン,JR吾妻線,,,,138.7913036,36.55204126,10,0,11335
11337,2,JR信越本線,シンエツホンセン,JR信越本線,,,,138.8807751,36.33038234,11,0,11337
11338,2,JR水郡線,スイグンセン,JR水郡線,,,,140.4621536,36.92204743,9,0,11338
11339,2,JR水戸線,ミトセン,JR水戸線,,,,140.0513207,36.33356509,10,0,11339
11340,2,JR日光線,ニッコウセン,JR日光線,,,,139.7529407,36.63614345,11,0,11340
11341,2,JR両毛線,リョウモウセン,JR両毛線,,,,139.38788,36.35677395,10,0,11341
11342,2,JR上越線,ジョウエツセン,JR上越線,,,,138.8924192,36.9153866,9,0,11342
11344,100,ディズニーリゾートライン,ディズニーリゾートライン,ディズニーリゾートライン,,,,139.764204,35.68267721,10,0,11343
11401,2,小海線,コウミセン,JR小海線,,,,138.422021,36.326337,10,0,11401
11402,3,JR身延線,ミノブセン,JR身延線,,,,138.532397,35.39216324,10,0,11402
11403,2,JR信越本線(篠ノ井～長野),シンエツホンセン,JR信越本線(篠ノ井～長野),,,,138.1598163,36.60859597,12,0,11403
11404,2,JR信越本線(直江津～新潟),シンエツホンセン,JR信越本線(直江津～新潟),,,,138.7595452,37.51108174,9,0,11404
11405,4,JR北陸本線(富山～直江津),ホクリクホンセン,JR北陸本線(富山～直江津),,,,137.7185006,37.01500893,9,2,11405
11406,2,JR白新線,ハクシンセン,JR白新線,,,,139.1904713,37.92400721,11,0,11406
11407,2,JR飯山線,イイヤマセン,JR飯山線,,,,138.5417323,36.98446011,10,0,11407
11408,2,JR越後線,エチゴセン,JR越後線,,,,138.8340003,37.62674857,10,0,11408
11409,2,北アルプス線,キタアルプスセン,JR大糸線,,,,137.8735087,36.67612787,9,0,11409
11410,2,JR弥彦線,ヤヒコセン,JR弥彦線,,,,138.9044353,37.67331836,12,0,11410
11411,3,JR中央本線(名古屋～塩尻),チュウオウホンセン,JR中央本線(名古屋～塩尻),,,,137.468492,35.6624711,9,0,11411
11412,2,JR篠ノ井線,シノノイセン,JR篠ノ井線,,,,138.0172774,36.38422475,10,0,11412
11413,3,JR飯田線(豊橋～天竜峡),イイダセン,JR飯田線(豊橋～天竜峡),,,,137.6689494,35.12564791,10,0,11413
11414,3,JR飯田線(天竜峡～辰野),イイダセン,JR飯田線(天竜峡～辰野),,,,137.8986353,35.75990218,10,0,11414
11415,4,JR北陸本線(米原～敦賀),ホクリクホンセン,JR北陸本線(米原～敦賀),,,,136.4425104,36.33393306,8,0,11415
11416,3,JR高山本線,タカヤマホンセン,JR高山本線,,,,137.1437387,36.03506978,9,0,11416
11417,4,JR城端線,ジョウハナセン,JR城端線,,,,136.9630801,36.64686113,11,0,11417
11418,4,JR氷見線,ヒミセン,JR氷見線,,,,137.016787,36.80602651,12,0,11418
11419,4,JR七尾線,ナナオセン,JR七尾線,,,,136.7916271,36.8807224,10,0,11419
11420,4,敦賀港線,ツルガコウセン,JR北陸本線(敦賀～敦賀港),,,,136.0755333,35.65634921,14,2,11420
11421,4,九頭竜線,クズリュウセン,JR越美北線,,,,136.4413114,35.99858409,10,0,11421
11422,4,JR小浜線,オバマセン,JR小浜線,,,,135.7418184,35.53015548,10,0,11422
11501,3,JR東海道本線(熱海～浜松),トウカイドウホンセン,JR東海道本線(熱海～浜松),,,,138.3888098,34.94909732,9,0,11501
11502,3,JR東海道本線(浜松～岐阜),トウカイドウホンセン,JR東海道本線(浜松～岐阜),,,,137.129185,35.04642183,9,0,11502
11503,3,JR東海道本線(岐阜～美濃赤坂・米原),トウカイドウホンセン,JR東海道本線(岐阜～美濃赤坂・米原),,,,136.5281548,35.36362897,10,0,11503
11504,2,JR伊東線,イトウセン,JR伊東線,,,,139.0696551,35.04759233,12,0,11504
11505,3,JR御殿場線,ゴテンバセン,JR御殿場線,,,,139.0331425,35.22246077,11,0,11505
11506,3,JR武豊線,タケトヨセン,JR武豊線,,,,136.9586884,34.93257927,12,0,11506
11507,3,JR太多線,タイタセン,JR太多線,,,,137.0625923,35.39115836,12,0,11507
11508,3,JR関西本線(名古屋～亀山),カンサイホンセン,JR関西本線(名古屋～亀山),,,,136.6393149,35.03333933,10,0,11508
11509,4,JR関西本線(亀山～加茂),カンサイホンセン,JR関西本線(亀山～加茂),,,,136.1749894,34.80143442,10,0,11509
11510,3,JR紀勢本線,キセイホンセン,JR紀勢本線,,,,136.2872619,34.32154395,9,0,11510
11511,4,JR草津線,クサツセン,JR草津線,,,,136.1045246,34.96458574,11,0,11511
11512,3,JR参宮線,サングウセン,JR参宮線,,,,136.6987801,34.495826,11,0,11512
11513,3,JR名松線,メイショウセン,JR名松線,,,,136.3881753,34.60028532,11,0,11513
11601,4,琵琶湖線,ビワコセン,JR東海道本線(米原～京都),,,,136.0951369,35.11930883,10,0,11601
11602,4,JR京都線,キョウトセン,JR東海道本線(京都～大阪),,,,135.495188,34.702398,11,0,11602
11603,4,JR神戸線(大阪～神戸),コウベセン,JR東海道本線(大阪～神戸),,,,135.3347285,34.72876179,11,0,11603
11605,4,JR湖西線,コセイセン,JR湖西線,,,,135.9648814,35.24644583,10,0,11605
11607,4,大和路線,ヤマトジセン,JR関西本線(加茂～ＪＲ難波),,,,135.6774159,34.65043379,11,0,11607
11608,4,JR神戸線(神戸～姫路),コウベセン,JR山陽本線(神戸～姫路),,,,134.9283387,34.71997139,10,0,11608
11609,4,JR山陽本線(姫路～岡山),サンヨウホンセン,JR山陽本線(姫路～岡山),,,,134.2462107,34.81352156,10,0,11609
11610,4,JR山陽本線(岡山～三原),サンヨウホンセン,JR山陽本線(岡山～三原),,,,133.5637577,34.5230414,10,0,11610
11611,4,JR山陽本線(三原～岩国),サンヨウホンセン,JR山陽本線(三原～岩国),,,,132.5497997,34.3865014,10,0,11611
11612,4,JR山陽本線(岩国～門司),サンヨウホンセン,JR山陽本線(岩国～門司),,,,131.6063428,34.07166445,9,0,11612
11613,4,JR山陽本線(兵庫～和田岬),サンヨウホンセン,JR山陽本線(兵庫～和田岬),,,,135.167942,34.66577552,14,0,11613
11614,4,嵯峨野線,サガノセン,JR山陰本線(京都～園部),,,,135.6041557,35.05307104,11,0,11614
11615,4,JR山陰本線(園部～豊岡),サンインホンセン,JR山陰本線(園部～豊岡),,,,135.0886844,35.32609457,10,0,11615
11616,4,JR山陰本線(豊岡～米子),サンインホンセン,JR山陰本線(豊岡～米子),,,,134.0209022,35.5218286,9,0,11616
11617,4,学研都市線,ガッケントシセン,JR片町線,,,,135.6901646,34.7599984,11,0,11617
11618,4,奈良線,ナラセン,奈良線,,,,135.7864342,34.83402323,11,0,11618
11622,4,JR舞鶴線,マイヅルセン,JR舞鶴線,,,,135.2793138,35.36774424,11,0,11622
11623,4,大阪環状線,オオサカカンジョウセン,大阪環状線,,,,135.5021892,34.68154143,13,0,11623
11624,4,JRゆめ咲線,ユメサキセン,JR桜島線,,,,135.4474452,34.67404443,13,0,11624
11625,4,JR東西線,トウザイセン,JR東西線,,,,135.4729665,34.70792548,13,0,11625
11626,4,阪和線(天王寺～和歌山),ハンワセン,阪和線(天王寺～和歌山),,,,135.4011938,34.46154098,10,0,11626
11627,4,羽衣線,ハゴロモセン,阪和線(鳳～東羽衣),,,,135.4495774,34.53405857,14,0,11627
11628,4,JR関西空港線,カンサイクウコウセン,JR関西空港線,,,,135.2888684,34.415185,12,0,11628
11629,4,JR宝塚線,タカラヅカセン,JR福知山線(新大阪～篠山口),,,,135.3444349,34.8698929,10,0,11629
11630,4,福知山線(篠山口～福知山),フクチヤマセン,福知山線(篠山口～福知山),,,,135.105576,35.16077077,11,0,11630
11631,4,JR赤穂線,アコウセン,JR赤穂線,,,,134.1974932,34.74727448,10,0,11631
11632,4,JR加古川線,カコガワセン,JR加古川線,,,,134.9525226,34.9370801,11,0,11632
11633,4,JR姫新線(姫路～佐用),キシンセン,JR姫新線(姫路～佐用),,,,134.5265431,34.9258616,11,0,11633
11634,4,JR姫新線(佐用～新見),キシンセン,JR姫新線(佐用～新見),,,,133.8805395,35.0502408,10,0,11634
11635,4,JR播但線,バンタンセン,JR播但線,,,,134.7640542,35.11319296,10,0,11635
11636,4,JR和歌山線,ワカヤマセン,JR和歌山線,,,,135.5570816,34.36363683,10,0,11636
11637,4,万葉まほろば線,マンヨウマホロバセン,桜井線,,,,135.8007123,34.58068955,12,0,11637
11639,4,きのくに線,キノクニセン,JR紀勢本線(新宮～和歌山),,,,135.4271755,33.83183628,9,0,11639
11640,4,紀勢本線(和歌山～和歌山市),キセイホンセン,紀勢本線(和歌山～和歌山市),,,,135.1783337,34.23803307,14,0,11640
11641,4,おおさか東線,オオサカヒガシセン,おおさか東線,,,,135.55,34.69,12,0,11641
11701,4,JR山陰本線(米子～益田),サンインホンセン,JR山陰本線(米子～益田),,,,132.5610675,35.20731024,9,0,11701
11702,4,JR山陰本線(益田～下関),サンインホンセン,JR山陰本線(益田～下関),,,,131.2726666,34.35940661,9,0,11702
11703,4,JR伯備線,ハクビセン,JR伯備線,,,,133.495623,35.05328908,9,0,11703
11704,4,JR因美線,インビセン,JR因美線,,,,134.1500156,35.26468997,10,0,11704
11705,4,JR境線,サカイセン,JR境線,,,,133.2625398,35.48805798,12,0,11705
11706,4,JR木次線,キスキセン,JR木次線,,,,133.0214796,35.19925146,11,0,11706
11707,4,JR三江線,サンコウセン,JR三江線,,,,132.5629828,34.94301166,10,2,11707
11708,4,JR山口線,ヤマグチセン,JR山口線,,,,131.4734848,34.34664277,10,0,11708
11709,4,JR宇野線,ウノセン,JR宇野線,,,,133.9131994,34.57584113,12,0,11709
11710,4,瀬戸大橋線,セトオオハシセン,JR本四備讃線,,,,133.80944,34.45427589,11,0,11710
11713,4,JR吉備線,キビセン,JR吉備線,,,,133.8272676,34.68115607,12,0,11713
11714,4,JR芸備線,ゲイビセン,JR芸備線,,,,132.9216429,34.77393016,9,0,11714
11715,4,JR津山線,ツヤマセン,JR津山線,,,,133.9227023,34.89119811,10,0,11715
11716,4,JR呉線,クレセン,JR呉線,,,,132.7797393,34.38727696,10,0,11716
11717,4,JR可部線,カベセン,JR可部線,,,,132.4778146,34.45822254,12,0,11717
11720,4,JR福塩線,フクエンセン,JR福塩線,,,,133.1297841,34.63826629,10,0,11720
11721,4,JR宇部線,ウベセン,JR宇部線,,,,131.3026758,34.01935295,11,0,11721
11722,4,JR美祢線,ミネセン,JR美祢線,,,,131.1806931,34.23328102,11,0,11722
11723,4,JR小野田線,オノダセン,JR小野田線,,,,131.1936861,33.97855545,12,0,11723
11724,4,JR岩徳線,ガントクセン,JR岩徳線,,,,132.0569761,34.09347763,11,0,11724
11801,5,JR土讃線,ドサンセン,JR土讃線,,,,133.5702573,33.76640013,9,0,11801
11802,5,JR高徳線,コウトクセン,JR高徳線,,,,134.310584,34.24954113,10,0,11802
11803,5,よしの川ブルーライン,ヨシノガワブルーライン,JR徳島線,,,,134.1518085,34.04872233,10,0,11803
11804,5,JR牟岐線,ムギセン,JR牟岐線,,,,134.5084229,33.83996475,10,0,11804
11805,5,JR鳴門線,ナルトセン,JR鳴門線,,,,134.5684284,34.16377798,13,0,11805
11806,5,JR予讃線,ヨサンセン,JR予讃線,,,,133.3626593,34.19299177,9,0,11806
11807,5,JR予讃・内子線,ヨサン・ウチコセン,JR予讃・内子線,,,,132.5895168,33.55703537,10,0,11807
11808,5,しまんとグリーンライン,シマントグリーンライン,JR予土線,,,,132.8223845,33.23287192,10,0,11808
11901,4,JR博多南線,ハカタミナミセン,JR博多南線,,,,130.4288095,33.56485012,12,0,11901
11902,6,JR鹿児島本線(下関・門司港～博多),カゴシマホンセン,JR鹿児島本線(下関・門司港～博多),,,,130.6285375,33.83670542,10,0,11902
11903,6,JR鹿児島本線(博多～八代),カゴシマホンセン,JR鹿児島本線(博多～八代),,,,130.5063075,33.09244602,9,0,11903
11904,6,JR鹿児島本線(川内～鹿児島),カゴシマホンセン,JR鹿児島本線(川内～鹿児島),,,,130.363502,31.65334826,10,0,11904
11905,6,JR長崎本線(鳥栖～長崎),ナガサキホンセン,JR長崎本線(鳥栖～長崎),,,,130.1521506,33.12136017,10,0,11905
11906,6,JR日豊本線(門司港～佐伯),ニッポウホンセン,JR日豊本線(門司港～佐伯),,,,131.3035516,33.55493531,9,0,11906
11907,6,JR日豊本線(佐伯～鹿児島中央),ニッポウホンセン,JR日豊本線(佐伯～鹿児島中央),,,,131.447211,32.21697834,8,0,11907
11908,6,福北ゆたか線,フクホクユタカセン,JR篠栗線,,,,130.5327032,33.61990987,11,0,11908
11909,6,JR筑肥線(姪浜～西唐津),チクヒセン,JR筑肥線(姪浜～西唐津),,,,130.1294128,33.51164937,11,0,11909
11910,6,若松線,ワカマツセン,JR筑豊本線(若松～折尾),,,,130.7521278,33.88822023,12,0,11910
11911,6,福北ゆたか線(折尾～桂川),フクホクユタカセン,JR筑豊本線(折尾～桂川),,,,130.7061142,33.73450091,11,0,11911
11912,6,原田線,ハルダセン,JR筑豊本線(桂川～原田),,,,130.6091322,33.5241644,12,0,11912
11913,6,ゆふ高原線,ユフコウゲンセン,JR久大本線,,,,131.0359949,33.2620623,9,0,11913
11914,6,JR日田彦山線,ヒタヒコサンセン,JR日田彦山線,,,,130.8729992,33.73,11,0,11914
11915,6,JR後藤寺線,ゴトウジセン,JR後藤寺線,,,,130.7431474,33.63894268,12,0,11915
11916,6,海の中道線,ウミノナカミチセン,JR香椎線(西戸崎～香椎),,,,130.4041931,33.67670942,12,0,11916
11917,6,JR香椎線(香椎～宇美),カシイセン,JR香椎線(香椎～宇美),,,,130.4729008,33.61956046,12,0,11917
11918,6,JR佐世保線,サセボセン,JR佐世保線,,,,129.9399703,33.18811566,11,0,11918
11920,6,JR筑肥線(西唐津～伊万里),チクヒセン,JR筑肥線(西唐津～伊万里),,,,129.9397357,33.37129522,11,0,11920
11921,6,JR唐津線,カラツセン,JR唐津線,,,,130.0774047,33.3354427,11,0,11921
11922,6,JR大村線,オオムラセン,JR大村線,,,,129.9214241,33.00169785,11,0,11922
11923,6,豊肥本線,ホウヒホンセン,JR豊肥本線,,,,131.2621302,33.01712664,9,0,11923
11924,6,三角線（あまくさみすみ線）,アマクサミスミセン,JR三角線,,,,130.5892981,32.6914496,11,0,11924
11925,6,えびの高原線(八代～吉松),エビノコウゲンセン,JR肥薩線(八代～吉松),,,,130.6833119,32.28699732,10,0,11925
11926,6,JR肥薩線(吉松～隼人),ヒサツセン,JR肥薩線(吉松～隼人),,,,130.7067465,31.89098429,11,0,11926
11927,6,JR宮崎空港線,ミヤザキクウコウセン,JR宮崎空港線,,,,131.4327623,31.89534315,13,0,11927
11928,6,JR日南線,ニチナンセン,JR日南線,,,,131.3626539,31.68357655,10,0,11928
11929,6,えびの高原線,エビノコウゲンセン,JR吉都線,,,,130.9564017,31.91724391,10,0,11929
11930,6,JR指宿枕崎線,イブスキマクラザキセン,JR指宿枕崎線,,,,130.5034109,31.35999955,10,0,11930
21001,11,東武東上線,トウブトウジョウセン,東武東上線,,,,139.4596379,35.92121867,10,0,21001
21002,11,東武伊勢崎線,トウブイセサキセン,東武伊勢崎線,,,,139.4993413,36.05676642,10,0,21002
21003,11,東武日光線,トウブニッコウセン,東武日光線,,,,139.6911602,36.4457974,9,0,21003
21004,11,東武アーバンパークライン（東武野田線）,トウブアーバンパークライントウブノダセン,東武野田線,,,,139.8919126,35.88791322,10,0,21004
21005,11,東武亀戸線,トウブカメイドセン,東武亀戸線,,,,139.8243468,35.70795152,14,0,21005
21006,11,東武大師線,トウブダイシセン,東武大師線,,,,139.7853229,35.77906123,15,0,21006
21007,11,東武越生線,トウブオゴセセン,東武越生線,,,,139.3426227,35.95321877,12,0,21007
21008,11,東武宇都宮線,トウブウツノミヤセン,東武宇都宮線,,,,139.8178944,36.48379029,12,0,21008
21009,11,東武鬼怒川線,トウブキヌガワセン,東武鬼怒川線,,,,139.7071736,36.79812975,12,0,21009
21010,11,東武佐野線,トウブサノセン,東武佐野線,,,,139.5680586,36.3288676,12,0,21010
21011,11,東武桐生線,トウブキリュウセン,東武桐生線,,,,139.3234126,36.36939671,12,0,21011
21012,11,東武小泉線,トウブコイズミセン,東武小泉線,,,,139.450654,36.25658593,12,0,21012
22001,12,西武池袋線,セイブイケブクロセン,西武池袋線,,,,139.4678929,35.79126174,10,0,22001
22002,12,西武秩父線,セイブチチブセン,西武秩父線,,,,139.2047331,35.9217046,11,0,22002
22003,12,西武有楽町線,セイブユウラクチョウセン,西武有楽町線,,,,139.667595,35.740404,14,0,22003
22004,12,西武豊島線,セイブトシマセン,西武豊島線,,,,139.6515168,35.74004317,15,0,22004
22005,12,西武狭山線,セイブサヤマセン,西武狭山線,,,,139.4392487,35.77960247,14,0,22005
22006,12,レオライナー,レオライナー,西武山口線,,,,139.4314444,35.77056761,14,0,22006
22007,12,西武新宿線,セイブシンジュクセン,西武新宿線,,,,139.5308649,35.77694687,11,0,22007
22008,12,西武拝島線,セイブハイジマセン,西武拝島線,,,,139.4131356,35.7328647,12,0,22008
22009,12,西武西武園線,セイブセイブエンセン,西武西武園線,,,,139.4573715,35.76415058,14,0,22009
22010,12,西武国分寺線,セイブコクブンジセン,西武国分寺線,,,,139.467741,35.7306282,13,0,22010
22011,12,西武多摩湖線,セイブタマコセン,西武多摩湖線,,,,139.4685092,35.74104813,13,0,22011
22012,12,西武多摩川線,セイブタマガワセン,西武多摩川線,,,,139.5135317,35.67702828,13,0,22012
23001,13,京成本線,ケイセイホンセン,京成本線,,,,140.0722625,35.72628887,10,0,23001
23002,13,京成押上線,ケイセイオシアゲセン,京成押上線,,,,139.8417658,35.73700035,13,0,23002
23003,13,京成金町線,ケイセイカナマチセン,京成金町線,,,,139.8685851,35.76122201,14,0,23003
23004,13,京成千葉線,ケイセイチバセン,京成千葉線,,,,140.0661343,35.65068345,12,0,23004
23005,13,京成千原線,ケイセイチハラセン,京成千原線,,,,140.1401424,35.57885231,12,0,23005
23006,13,成田スカイアクセス,ナリタスカイアクセス,京成成田空港線,,,,140.04558,35.7834747,10,0,23006
24001,14,京王線,ケイオウセン,京王線,,,,139.5335769,35.67836429,11,0,24001
24002,14,京王相模原線,ケイオウサガミハラセン,京王相模原線,,,,139.4375162,35.625847,12,0,24002
24003,14,京王高尾線,ケイオウタカオセン,京王高尾線,,,,139.3084367,35.6433159,13,0,24003
24004,14,京王競馬場線,ケイオウケイバジョウセン,京王競馬場線,,,,139.489623,35.66894537,14,0,24004
24005,14,京王動物園線,ケイオウドウブツエンセン,京王動物園線,,,,139.4099916,35.65746175,14,0,24005
24006,14,京王井の頭線,ケイオウイノガシラセン,京王井の頭線,,,,139.6349878,35.67668499,12,0,24006
24007,14,京王新線,ケイオウシンセン,京王新線,,,,139.6852505,35.68049853,14,0,24007
25001,15,小田急線,オダキュウセン,小田急小田原線,,,,139.4347754,35.52853524,11,0,25001
25002,15,小田急江ノ島線,オダキュウエノシマセン,小田急江ノ島線,,,,139.4497755,35.4357481,11,0,25002
25003,15,小田急多摩線,オダキュウタマセン,小田急多摩線,,,,139.4602937,35.61945835,13,0,25003
26001,16,東急東横線,トウキュウトウヨコセン,東急東横線,,,,139.668326,35.58608049,11,0,26001
26002,16,東急目黒線,トウキュウメグロセン,東急目黒線,,,,139.6783513,35.60375543,13,0,26002
26003,16,東急田園都市線,トウキュウデンエントシセン,東急田園都市線,,,,139.5846592,35.58324215,11,0,26003
26004,16,東急大井町線,トウキュウオオイマチセン,東急大井町線,,,,139.6753762,35.60702724,12,0,26004
26005,16,東急池上線,トウキュウイケガミセン,東急池上線,,,,139.7062394,35.59393651,13,0,26005
26006,16,東急多摩川線,トウキュウタマガワセン,東急多摩川線,,,,139.6874327,35.57244164,13,0,26006
26007,16,東急世田谷線,トウキュウセタガヤセン,東急世田谷線,,,,139.6525419,35.65319678,14,0,26007
26008,16,東急こどもの国線,トウキュウコドモノクニセン,東急こどもの国線,,,,139.4878591,35.54810976,14,0,26008
26009,16,東急新横浜線,トウキュウシンヨコハマセン,東急新横浜線,,,,139.636167,35.536639,13,0,26009
27001,17,京急本線,ケイキュウホンセン,京急本線,,,,139.6654216,35.47001317,10,0,27001
27002,17,京急空港線,ケイキュウクウコウセン,京急空港線,,,,139.7497837,35.55500125,13,0,27002
27003,17,京急大師線,ケイキュウダイシセン,京急大師線,,,,139.7233,35.5356905,14,0,27003
27004,17,京急逗子線,ケイキュウズシセン,京急逗子線,,,,139.5988512,35.31470435,13,0,27004
27005,17,京急久里浜線,ケイキュウクリハマセン,京急久里浜線,,,,139.6682823,35.2287079,12,0,27005
28001,18,東京メトロ銀座線,ギンザセン,東京メトロ銀座線,F7931D,オレンジ,,139.7572081,35.68646095,13,0,28001
28002,18,東京メトロ丸ノ内線,マルノウチセン,東京メトロ丸ノ内線,E60012,レッド,,139.7004366,35.70518514,12,0,28002
28003,18,東京メトロ日比谷線,ヒビヤセン,東京メトロ日比谷線,89A1AD,シルバー,,139.7679001,35.69469234,12,0,28003
28004,18,東京メトロ東西線,トウザイセン,東京メトロ東西線,00A7DB,スカイブルー,,139.8154913,35.68326533,11,0,28004
28005,18,東京メトロ千代田線,チヨダセン,東京メトロ千代田線,9933,グリーン,,139.7558612,35.72301167,12,0,28005
28006,18,東京メトロ有楽町線,ユウラクチョウセン,東京メトロ有楽町線,C5C544,ゴールド,,139.7042043,35.73316552,11,0,28006
28008,18,東京メトロ半蔵門線,ハンゾウモンセン,東京メトロ半蔵門線,A757A8,パープル,,139.7652271,35.68813211,12,0,28008
28009,18,東京メトロ南北線,ナンボクセン,東京メトロ南北線,00ADA9,エメラルド,,139.7343319,35.71029972,12,0,28009
28010,18,東京メトロ副都心線,フクトシンセン,東京メトロ副都心線,BB6633,ブラウン,,139.6866635,35.73144201,12,0,28010
29001,19,相鉄本線,ソウテツホンセン,相鉄本線,,,,139.5091433,35.46560375,11,0,29001
29002,19,相鉄いずみ野線,ソウテツイズミノセン,相鉄いずみ野線,,,,139.4964929,35.43154135,13,0,29002
29003,19,相鉄・JR直通線,ソウテツ・ジェイアールチョクツウセン,相鉄・JR直通線,,,,139.5522708,35.57659819,11,0,29003
29004,19,相鉄新横浜線,ソウテツシンヨコハマセン,相鉄新横浜線,,,,139.5919,35.497093,13,0,29004
30001,20,名鉄名古屋本線,メイテツナゴヤホンセン,名鉄名古屋本線,,,,137.0464891,35.09024466,10,0,30001
30002,20,名鉄豊川線,メイテツトヨカワセン,名鉄豊川線,,,,137.3620843,34.82916687,13,0,30002
30003,20,名鉄西尾線,メイテツニシオセン,名鉄西尾線,,,,137.07579,34.89567965,11,0,30003
30004,20,名鉄蒲郡線,メイテツガマゴオリセン,名鉄蒲郡線,,,,137.1490535,34.83015508,12,0,30004
30005,20,名鉄三河線,メイテツミカワセン,名鉄三河線,,,,137.0397446,35.0278918,11,0,30005
30006,20,名鉄豊田線,メイテツトヨタセン,名鉄豊田線,,,,137.0949593,35.12029624,12,0,30006
30007,20,名鉄常滑・空港線,メイテツトコナメクウコウセン,名鉄空港線,,,,136.8275426,34.87838959,13,0,30007
30008,20,名鉄常滑線,メイテツトコナメセン,名鉄常滑線,,,,136.8720209,35.05218409,11,0,30008
30009,20,名鉄河和線,メイテツコウワセン,名鉄河和線,,,,136.9060466,34.92375177,11,0,30009
30010,20,名鉄知多新線,メイテツチタシンセン,名鉄知多新線,,,,136.8807923,34.80481608,12,0,30010
30011,20,名鉄築港線,メイテツチッコウセン,名鉄築港線,,,,136.9056632,35.0918768,14,0,30011
30012,20,名鉄瀬戸線,メイテツセトセン,名鉄瀬戸線,,,,136.9925433,35.20783035,11,0,30012
30013,20,名鉄津島線,メイテツツシマセン,名鉄津島線,,,,136.778182,35.19835631,12,0,30013
30014,20,名鉄尾西線,メイテツビサイセン,名鉄尾西線,,,,136.7443573,35.24366672,11,0,30014
30015,20,名鉄犬山線,メイテツイヌヤマセン,名鉄犬山線,,,,136.8898647,35.31165711,11,0,30015
30016,20,名鉄各務原線,メイテツカカミガハラセン,名鉄各務原線,,,,136.8532538,35.40320428,12,0,30016
30017,20,名鉄広見線,メイテツヒロミセン,名鉄広見線,,,,137.0289762,35.41784153,12,0,30017
30018,20,名鉄小牧線,メイテツコマキセン,名鉄小牧線,,,,136.9396133,35.29631352,12,0,30018
30019,20,犬山モノレール,イヌヤマモノレール,名鉄モンキーパークモノレール線,,,,136.9511615,35.39061782,15,2,30019
30020,20,名鉄竹鼻線,メイテツタケハナセン,名鉄竹鼻線,,,,136.7325031,35.34935108,13,0,30020
30021,20,名鉄羽島線,メイテツハシマセン,名鉄羽島線,,,,136.693134,35.31404976,14,0,30021
31001,21,近鉄難波線,キンテツナンバセン,近鉄難波線,,,,135.5271582,34.66336378,12,0,31001
31002,21,近鉄橿原線,キンテツカシハラセン,近鉄橿原線,,,,135.7855105,34.59665269,11,0,31002
31003,21,近鉄南大阪線,キンテツミナミオオサカセン,近鉄南大阪線,,,,135.653052,34.57245205,11,0,31003
31004,21,近鉄養老線,キンテツヨウロウセン,近鉄養老線,,,,136.6320124,35.25923222,10,2,31004
31005,21,近鉄大阪線,キンテツオオサカセン,近鉄大阪線,,,,135.872054,34.61556505,10,0,31005
31006,21,近鉄伊賀線,キンテツイガセン,近鉄伊賀線,,,,136.1392827,34.73336053,12,2,31006
31007,21,近鉄吉野線,キンテツヨシノセン,近鉄吉野線,,,,135.794504,34.42943968,12,0,31007
31008,21,近鉄湯の山線,キンテツユノヤマセン,近鉄湯の山線,,,,136.5443642,34.99419291,12,0,31008
31009,21,近鉄山田線,キンテツヤマダセン,近鉄山田線,,,,136.5903378,34.56980041,11,0,31009
31010,21,近鉄鳥羽線,キンテツトバセン,近鉄鳥羽線,,,,136.7727458,34.4838102,12,0,31010
31011,21,近鉄天理線,キンテツテンリセン,近鉄天理線,,,,135.8037012,34.602763,13,0,31011
31012,21,近鉄道明寺線,キンテツドウミョウジセン,近鉄道明寺線,,,,135.6220294,34.58011802,14,0,31012
31013,247,内部線,ウツベセン,内部線,,,,136.6051365,34.94951463,13,0,31013
31014,247,八王子線,ハチオウジセン,八王子線,,,,136.6077976,34.95820819,14,0,31014
31015,21,近鉄志摩線,キンテツシマセン,近鉄志摩線,,,,136.8269031,34.40319761,11,0,31015
31016,21,近鉄生駒線,キンテツイコマセン,近鉄生駒線,,,,135.7029186,34.65409575,13,0,31016
31017,21,近鉄田原本線,キンテツタワラモトセン,近鉄田原本線,,,,135.743514,34.57463758,13,0,31017
31018,21,近鉄御所線,キンテツゴセセン,近鉄御所線,,,,135.7248733,34.48800185,13,0,31018
31019,21,近鉄鈴鹿線,キンテツスズカセン,近鉄鈴鹿線,,,,136.5827958,34.87798499,13,0,31019
31020,21,近鉄奈良線,キンテツナラセン,近鉄奈良線,,,,135.6903788,34.68769268,11,0,31020
31021,21,近鉄信貴線,キンテツシギセン,近鉄信貴線,,,,135.632634,34.62506252,14,0,31021
31022,21,近鉄長野線,キンテツナガノセン,近鉄長野線,,,,135.5986759,34.50049475,12,0,31022
31023,21,近鉄けいはんな線,キンテツケイハンナセン,近鉄けいはんな線,,,,135.6758638,34.69894594,12,0,31023
31024,21,西信貴ケーブル,ニシシギケーブル,近鉄西信貴鋼索線,,,,135.647956,34.61767063,15,0,31024
31025,21,近鉄京都線,キンテツキョウトセン,近鉄京都線,,,,135.7855993,34.85398933,11,0,31025
31026,21,生駒ケーブル,イコマケーブル,近鉄生駒鋼索線,,,,135.688804,34.6858188,14,0,31026
31027,21,近鉄名古屋線,キンテツナゴヤセン,近鉄名古屋線,,,,136.643873,34.94306111,10,0,31027
32001,22,南海本線,ナンカイホンセン,南海本線,,,,135.3620307,34.49540979,10,0,32001
32002,22,南海空港線,ナンカイクウコウセン,南海空港線,,,,135.2840674,34.42306792,12,0,32002
32003,22,南海和歌山港線,ナンカイワカヤマコウセン,南海和歌山港線,,,,135.1551397,34.23138086,13,0,32003
32004,22,南海高師浜線,ナンカイタカシノハマセン,南海高師浜線,,,,135.4387343,34.53069292,15,0,32004
32005,22,南海加太線,ナンカイカダセン,南海加太線,,,,135.1256245,34.26437499,12,0,32005
32006,22,南海多奈川線,ナンカイタナガワセン,南海多奈川線,,,,135.1448043,34.31836786,14,0,32006
32007,22,南海高野線,ナンカイコウヤセン,南海高野線,,,,135.5432731,34.46533853,9,0,32007
32008,22,南海高野山ケーブル,ナンカイコウヤサンケーブル,南海高野山ケーブル,,,,135.5799343,34.23156624,15,0,32008
32009,22,南海汐見橋線,ナンカイシオミバシセン,南海汐見橋線,,,,135.4864027,34.64835159,13,0,32009
33001,23,京阪本線,ケイハンホンセン,京阪本線,,,,135.6705644,34.84957679,10,0,33001
33002,23,京阪宇治線,ケイハンウジセン,京阪宇治線,,,,135.7868899,34.91898738,13,0,33002
33003,23,京阪交野線,ケイハンカタノセン,京阪交野線,,,,135.6678686,34.79400316,13,0,33003
33004,23,京阪鴨東線,ケイハンオウトウセン,京阪鴨東線,,,,135.772187,35.02313234,14,0,33004
33005,23,石清水八幡宮参道ケーブル,イワシミズハチマングウサンドウケーブル,京阪鋼索線,,,,135.6997063,34.88334886,16,0,33005
33006,23,京阪石山坂本線,ケイハンイシヤマサカモトセン,京阪石山坂本線,,,,135.8736875,35.02135481,12,0,33006
33007,23,京阪京津線,ケイハンケイシンセン,京阪京津線,,,,135.8351757,35.00559948,13,0,33007
33008,23,京阪中之島線,ケイハンナカノシマセン,京阪中之島線,,,,135.5004281,34.69339585,14,0,33008
34001,24,阪急神戸本線,ハンキュウコウベホンセン,阪急神戸本線,,,,135.3535625,34.73581893,11,0,34001
34002,24,阪急宝塚本線,ハンキュウタカラヅカホンセン,阪急宝塚本線,,,,135.4343471,34.78606114,12,0,34002
34003,24,阪急京都本線,ハンキュウキョウトホンセン,阪急京都本線,,,,135.6107341,34.86050585,10,0,34003
34004,24,阪急今津線,ハンキュウイマヅセン,阪急今津線,,,,135.3546653,34.77069205,13,0,34004
34005,24,阪急甲陽線,ハンキュウコウヨウセン,阪急甲陽線,,,,135.3287615,34.75283869,14,0,34005
34006,24,阪急伊丹線,ハンキュウイタミセン,阪急伊丹線,,,,135.4146048,34.77006123,14,0,34006
34007,24,阪急箕面線,ハンキュウミノオセン,阪急箕面線,,,,135.4602157,34.82297851,14,0,34007
34008,24,阪急千里線,ハンキュウセンリセン,阪急千里線,,,,135.5133937,34.77089106,12,0,34008
34009,24,阪急嵐山線,ハンキュウアラシヤマセン,阪急嵐山線,,,,135.6910954,34.99649849,14,0,34009
35001,25,阪神本線,ハンシンホンセン,阪神本線,,,,135.3388145,34.72713809,11,0,35001
35002,25,阪神なんば線,ハンシンナンバセン,阪神なんば線,,,,135.454218,34.69437586,13,0,35002
35003,25,阪神武庫川線,ハンシンムコガワセン,阪神武庫川線,,,,135.3792246,34.71224333,15,0,35003
36001,26,西鉄天神大牟田線,ニシテツテンジンオオムタセン,西鉄天神大牟田線,,,,130.4695301,33.33736616,10,0,36001
36002,26,西鉄太宰府線,ニシテツダザイフセン,西鉄太宰府線,,,,130.525471,33.51078067,14,0,36002
36003,26,西鉄甘木線,ニシテツアマギセン,西鉄甘木線,,,,130.6000395,33.3745797,12,0,36003
36004,26,西鉄貝塚線,ニシテツカイヅカセン,西鉄貝塚線,,,,130.4465091,33.71197663,12,0,36004
99101,101,札幌市営地下鉄東西線,サッポロシエイチカテツトウザイセン,札幌市営地下鉄東西線,,,,141.3772839,43.05654941,11,0,99101
99102,101,札幌市営地下鉄南北線,サッポロシエイチカテツトナンボクセン,札幌市営地下鉄南北線,,,,141.3433322,43.06454354,12,0,99102
99103,101,札幌市営地下鉄東豊線,サッポロシエイチカテツトウホウセン,札幌市営地下鉄東豊線,,,,141.3730984,43.07195212,12,0,99103
99104,252,札幌市電,サッポロシデン,札幌市電 一条・山鼻軌道線,,,,141.3441983,43.04683982,14,0,99104
99105,102,函館市電２系統,ハコダテシデンニケイトウ,函館市電２系統,,,,140.7473852,41.78054066,13,0,99105
99106,102,函館市電５系統,ハコダテシデンゴケイトウ,函館市電５系統,,,,140.7437262,41.77956913,13,0,99106
99107,103,ふるさと銀河線,フルサトギンガセン,北海道ちほく高原鉄道ふるさと銀河線,,,,143.6400361,43.42292395,9,2,99107
99108,248,道南いさりび鉄道線,ドウナンイサリビテツドウセン,道南いさりび鉄道線,,,,140.5858612,41.72930517,11,0,99108
99201,104,津軽鉄道線,ツガルテツドウセン,津軽鉄道線,,,,140.4475315,40.89185142,11,0,99201
99202,105,弘南鉄道弘南線,コウナンテツドウコウナンセン,弘南鉄道弘南線,,,,140.5487135,40.61175482,12,0,99202
99203,105,弘南鉄道大鰐線,コウナンテツドウオオワニセン,弘南鉄道大鰐線,,,,140.5090532,40.56021152,12,0,99203
99204,106,十和田観光電鉄,トワダカンコウデンテツ,十和田観光電鉄,,,,141.2927017,40.64340823,12,2,99204
99205,107,いわて銀河鉄道線,イワテギンガテツドウセン,いわて銀河鉄道線,,,,141.188052,40.0496578,10,0,99205
99206,108,青い森鉄道線,アオイモリテツドウセン,青い森鉄道線,,,,141.0521792,40.66322161,9,0,99206
99207,109,三陸鉄道北リアス線,サンリクテツドウキタリアスセン,三陸鉄道北リアス線,,,,141.8597993,39.91336094,10,2,99207
99208,109,三陸鉄道リアス線,サンリクテツドウリアスセン,三陸鉄道リアス線,,,,141.8071144,39.68226415,9,0,99208
99209,110,秋田内陸線,アキタナイリクセン,秋田内陸縦貫鉄道秋田内陸線,,,,140.4689341,39.91759531,10,0,99209
99210,111,鳥海山ろく線,チョウカイサンロクセン,由利高原鉄道鳥海山ろく線,,,,140.0943788,39.3150053,11,0,99210
99211,112,フラワー長井線,ヤマガタテツドウフラワーナガイセン,山形鉄道フラワー長井線,,,,140.082424,38.12608279,12,0,99211
99212,113,くりはら田園鉄道線,クリハラデンエンテツドウセン,くりはら田園鉄道線,,,,141.0332668,38.81574935,11,2,99212
99213,114,阿武隈急行線,アブクマキュウコウセン,阿武隈急行線,,,,140.6629175,37.9191756,11,0,99213
99214,115,仙台市営地下鉄南北線,センダイシエイチカテツナンボクセン,仙台市営地下鉄南北線,,,,140.8799934,38.27625168,12,0,99214
99218,115,仙台市営地下鉄東西線,センダイシエイチカテツトウザイセン,仙台市営地下鉄東西線,,,,140.8881569,38.26109769,12,0,99214
99215,116,福島交通飯坂線,フクシマシエイコウツウイイザカセン,福島交通飯坂線,,,,140.4531639,37.79516157,13,0,99215
99216,117,会津鉄道会津線,アイヅテツドウアイヅセン,会津鉄道会津線,,,,139.848048,37.28675951,10,0,99216
99217,118,仙台空港線,センダイクウコウセン,仙台空港鉄道仙台空港線,,,,140.9057989,38.16179524,13,0,99217
99301,119,都営大江戸線,トエイオオエドセン,都営大江戸線,,,,139.7137042,35.70754623,12,0,99301
99302,119,都営浅草線,トエイアサクサセン,都営浅草線,,,,139.7586038,35.66226194,12,0,99302
99303,119,都営三田線,トエイミタセン,都営三田線,,,,139.7032176,35.71883584,12,0,99303
99304,119,都営新宿線,トエイシンジュクセン,都営新宿線,,,,139.809404,35.68917479,11,0,99304
99305,119,東京さくらトラム（都電荒川線）,トウキョウサクラトラム（トデンアラカワセン）,都営都電荒川線,,,,139.718928,35.711848,13,0,99305
99342,119,日暮里・舎人ライナー,ニッポリ・トネリライナー,日暮里・舎人ライナー,,,,139.7694965,35.78182569,12,0,99305
99306,120,秩父鉄道秩父本線,チチブテツドウチチブホンセン,秩父鉄道秩父本線,,,,139.2068139,36.1009953,10,0,99306
99307,121,埼玉高速鉄道線,サイタマコウソクテツドウセン,埼玉高速鉄道線,,,,139.727016,35.84233268,12,0,99307
99308,122,いすみ線,イスミセン,いすみ鉄道いすみ線,,,,140.2913395,35.26741095,12,0,99308
99309,123,つくばエクスプレス,ツクバエクスプレス,首都圏新都市鉄道つくばエクスプレス,,,,139.9375093,35.90577191,10,0,99309
99310,124,みなとみらい線,ミナトミライセン,みなとみらい21線,,,,139.6360988,35.45568264,14,0,99310
99311,125,ゆりかもめ,ユリカモメ,ゆりかもめ東京臨海新交通臨海線,,,,139.7749498,35.64286985,13,0,99311
99312,126,わたらせ渓谷線,ワタラセケイコクセン,わたらせ渓谷鐵道わたらせ渓谷線,,,,139.3507558,36.53324025,11,0,99312
99313,127,ユーカリが丘線,ユーガリガオカセン,山万ユーカリが丘線,,,,140.1530485,35.73088307,15,0,99313
99314,128,伊豆箱根鉄道大雄山線,イズハコネテツドウダイユウザンセン,伊豆箱根鉄道大雄山線,,,,139.1309474,35.28939808,13,0,99314
99315,129,ひたちなか海浜鉄道湊線,ヒタチナカカイヒンテツドウミナトセン,ひたちなか海浜鉄道湊線,,,,140.5729552,36.37147623,12,0,99315
99316,130,ブルーライン,ブルーライン,横浜市高速鉄道1号線・3号線,,,,139.5514823,35.4877675,11,0,99316
99343,130,グリーンライン,グリーンライン,横浜市高速鉄道4号線,,,,139.5869369,35.5472458,13,0,99316
99317,131,金沢シーサイドライン,カナザワシーサイドライン,横浜新都市交通金沢シーサイドライン,,,,139.6311443,35.36215675,13,0,99317
99318,132,関東鉄道常総線,カントウテツドウジョウソウセン,関東鉄道常総線,,,,139.9901393,36.11988505,10,0,99318
99319,132,関東鉄道竜ヶ崎線,カントウテツドウリュウガサキセン,関東鉄道竜ヶ崎線,,,,140.1573067,35.91893165,13,0,99319
99320,133,江ノ島電鉄線,エノシマデンテツセン,江ノ島電鉄線,,,,139.5124071,35.3260882,13,0,99320
99321,134,ニューシャトル,ニューシャトル,埼玉新都市交通伊奈線,,,,139.6162808,35.96269513,12,0,99321
99322,135,鹿島鉄道線,カシマテツドウセン,鹿島鉄道線,,,,140.3911293,36.15897227,12,2,99322
99323,136,鹿島臨海鉄道大洗鹿島線,カシマリンカイテツドウオオアライカシマセン,鹿島臨海鉄道大洗鹿島線,,,,140.5428336,36.18730568,10,0,99323
99324,137,芝山鉄道線,シバヤマテツドウセン,芝山鉄道線,,,,140.3923617,35.76356243,14,0,99324
99325,138,小湊鉄道線,コミナトテツドウセン,小湊鉄道線,,,,140.1273986,35.39584849,11,0,99325
99326,139,湘南モノレール,ショウナンモノレール,江の島線,,,,139.5102446,35.33223249,13,0,99326
99327,140,上信電鉄,ジョウシンデンテツ,上信電鉄,,,,138.9156343,36.26619008,11,0,99327
99328,141,上毛電気鉄道上毛線,ジョウモウデンキテツドウジョウモウセン,上毛電気鉄道上毛線,,,,139.1911683,36.41704838,11,0,99328
99329,13,京成松戸線,ケイセイマツドセン,京成電鉄松戸線,,,,139.9704263,35.75905071,12,0,99329
99330,143,真岡鐵道真岡線,モオカテツドウモオカセン,真岡鐵道真岡線,,,,140.0426815,36.44502033,11,0,99330
99331,144,千葉都市モノレール１号線,チバトシモノレールイチゴウセン,千葉都市モノレール１号線,,,,140.1131079,35.60826509,14,0,99331
99332,144,千葉都市モノレール２号線,チバトシモノレールニゴウセン,千葉都市モノレール２号線,,,,140.1410858,35.62639177,13,0,99332
99333,145,流鉄流山線,リュウテツナガレヤマセン,流鉄流山線,,,,139.9119926,35.83792664,13,0,99333
99334,146,多摩モノレール,タマモノレール,多摩都市モノレール線,,,,139.4216985,35.69743141,12,0,99334
99335,147,銚子電鉄線,チョウシデンテツセン,銚子電気鉄道線,,,,140.8474032,35.71912821,13,0,99335
99336,148,東京モノレール,トウキョウモノレール,東京モノレール羽田空港線,,,,139.7632862,35.59102281,12,0,99336
99337,149,りんかい線,リンカイセン,東京臨海高速鉄道りんかい線,,,,139.7661296,35.62373301,13,0,99337
99338,150,東葉高速線,トウヨウコウソクセン,東葉高速鉄道東葉高速線,,,,140.0380473,35.719061,12,0,99338
99339,151,箱根登山鉄道鉄道線,ハコネトザンテツドウテツドウセン,箱根登山鉄道鉄道線,,,,139.099491,35.24597909,12,0,99339
99340,152,北総鉄道北総線,ホクソウテツドウホクソウセン,北総鉄道北総線,,,,140.037845,35.78346286,11,0,99340
99341,153,ほっとスパ・ライン,ホットスパライン,野岩鉄道会津鬼怒川線,,,,139.7013327,36.98733557,11,0,99341
99344,151,箱根登山ケーブルカー,ハコネトザンケーブルカー,箱根登山鉄道鋼索線,,,,139.0414238,35.248167,15,0,99344
99345,250,芳賀・宇都宮LRT,ウツノミヤハガライトレールセン,宇都宮芳賀ライトレール線,,,,139.945,36.554828,12,0,99345
99401,154,富士急行線,フジキュウコウセン,富士急行線,,,,138.8607561,35.55367112,12,0,99401
99402,155,北越急行ほくほく線,ホクエツキュウコウホクホクセン,北越急行ほくほく線,,,,138.5909943,37.13966175,10,0,99402
99403,156,しなの鉄道線,シナノテツドウセン,しなの鉄道線,,,,138.3174292,36.41942391,10,0,99403
99427,156,北しなの線,キタシナノセン,北しなの線,,,,138.2105017,36.75530604,11,0,99403
99404,157,上田電鉄別所線,ウエダデンテツベッショセン,上田電鉄別所線,,,,138.2109223,36.37625258,13,0,99404
99405,158,長野電鉄長野線,ナガノデンテツナガノセン,長野電鉄長野線,,,,138.3042523,36.7018593,11,0,99405
99406,158,長野電鉄屋代線,ナガノデンテツヤシロセン,長野電鉄屋代線,,,,138.2119355,36.59924925,12,2,99406
99407,159,上高地線,カミコウチセン,アルピコ交通上高地線,,,,137.8973825,36.21371738,12,0,99407
99408,160,富山地鉄本線,トヤマチテツホンセン,富山地鉄本線,,,,137.3897613,36.78988244,11,0,99408
99409,160,富山地鉄立山線,トヤマチテツタテヤマセン,富山地鉄立山線,,,,137.3705508,36.63259704,12,0,99409
99410,160,富山地鉄不二越・上滝線,トヤマチテツフジコシ・カミダキセン,富山地鉄不二越・上滝線,,,,137.252526,36.65497801,12,0,99410
99411,161,神岡鉄道神岡線,カミオカテツドウカミオカセン,神岡鉄道神岡線,,,,137.2728078,36.40433317,12,2,99411
99412,162,黒部峡谷鉄道本線,クロベキョウコクテツドウホンセン,黒部峡谷鉄道本線,,,,137.6293364,36.77139821,12,0,99412
99413,160,富山地鉄市内線【１・２系統】,トヤマチテツシナイセン,富山地鉄市内線,,,,137.2104899,36.68749219,14,0,99413
99422,160,富山地鉄富山都心線【３系統(環状線)】,トヤマチテツトヤマトシンセン,富山地鉄富山都心線,,,,137.2128868,36.69553915,15,0,99413
99414,163,万葉線,マンヨウセン,万葉線,,,,137.0519879,36.76865393,13,0,99414
99415,160,富山港線,トヤマコウセン,富山港線,,,,137.23409,36.761212,13,0,99415
99416,165,北陸鉄道石川線,ホクリクテツドウイシカワセン,北陸鉄道石川線,,,,136.6276302,36.50748931,12,0,99416
99417,165,北陸鉄道浅野川線,ホクリクテツドウアサノガワセン,北陸鉄道浅野川線,,,,136.6412445,36.61101108,13,0,99417
99423,244,日本海ひすいライン,ニホンカイヒスイライン,日本海ひすいライン,,,,138.0056284,37.09275022,10,0,99417
99424,244,妙高はねうまライン,ミョウコウハネウマライン,妙高はねうまライン,,,,138.0056284,37.09275022,10,0,99417
99425,245,あいの風とやま鉄道線,アイノカゼトヤマテツドウセン,あいの風とやま鉄道線,,,,137.2146129,36.68415994,10,0,99417
99426,246,IRいしかわ鉄道線,アイアールイシカワテツドウセン,IRいしかわ鉄道株式会社,,,,136.6,36.5,10,0,99417
99418,166,のと鉄道七尾線,ノトテツドウナナオセン,のと鉄道七尾線,,,,136.9044154,37.12448507,11,0,99418
99419,167,えちぜん鉄道勝山永平寺線,エチゼンテツドウカツヤマエイヘイジセン,えちぜん鉄道勝山永平寺線,,,,136.3513615,36.08641898,11,0,99419
99420,167,えちぜん鉄道三国芦原線,エチゼンテツドウミクニアワラセン,えちぜん鉄道三国芦原線,,,,136.1919527,36.16279193,11,0,99420
99421,168,福井鉄道福武線,フクイテツドウフクブセン,福井鉄道福武線,,,,136.2068054,36.01077557,12,0,99421
99428,251,ハピラインふくい線,ハピラインフクイセン,ハピラインふくい線,,,,136.3,36,9,0,99426
99501,169,伊豆急行線,イズキュウコウセン,伊豆急行線,,,,139.0415898,34.82442966,11,0,99501
99502,128,伊豆箱根鉄道駿豆線,イズハコネテツドウスンズセン,伊豆箱根鉄道駿豆線,,,,138.9315606,35.05660799,12,0,99502
99503,170,岳南鉄道線,ガクナンテツドウセン,岳南鉄道線,,,,138.7141214,35.15955767,13,0,99503
99504,171,静岡鉄道静岡清水線,シズオカテツドウシズオカシミズセン,静岡鉄道静岡清水線,,,,138.4390581,34.99815891,12,0,99504
99505,172,天竜浜名湖線,テンリュウハマナコセン,天竜浜名湖鉄道天竜浜名湖線,,,,137.7304712,34.82776372,10,0,99505
99506,173,遠州鉄道鉄道線,エンシュウテツドウテツドウセン,遠州鉄道鉄道線,,,,137.7761985,34.7815717,12,0,99506
99507,174,大井川鐵道大井川本線,オオイガワテツドウオオイガワホンセン,大井川鐵道大井川本線,,,,138.1072522,34.96974307,11,0,99507
99508,174,南アルプスあぷとライン,ミナミアルプスアプトライン,大井川鐵道井川線,,,,138.1617609,35.16819152,12,0,99508
99509,175,あおなみ線,アオナミセン,西名古屋港線,,,,136.8650634,35.12536651,12,0,99509
99510,176,東海交通事業城北線,トウカイコウツウジギョウジョウホクセン,東海交通事業城北線,,,,136.8966625,35.22929996,13,0,99510
99511,177,愛知環状鉄道線,アイチカンジョウテツドウセン,愛知環状鉄道線,,,,137.1221882,35.12130634,10,0,99511
99512,178,リニモ,リニモ,東部丘陵線,,,,137.0600158,35.17115619,13,0,99512
99513,179,名古屋市営地下鉄東山線,ナゴヤシエイチカテツヒガシヤマセン,名古屋市営地下鉄東山線,FFCC00,菜種色,,136.9226337,35.16914033,12,0,99513
99514,179,名古屋市営地下鉄名城線,ナゴヤシエイチカテツメイジョウセン,名古屋市営地下鉄名城線,9B74C1,藤色,,136.9328974,35.16054372,12,0,99514
99515,179,名古屋市営地下鉄名港線,ナゴヤシエイチカテツメイコウセン,名古屋市営地下鉄名港線,9B74C1,藤色,,136.8896685,35.12510133,13,0,99515
99516,179,名古屋市営地下鉄鶴舞線,ナゴヤシエイチカテツツルマイセン,名古屋市営地下鉄鶴舞線,04ACDD,水色,,136.9361169,35.17099011,12,0,99516
99517,179,名古屋市営地下鉄桜通線,ナゴヤシエイチカテツサクラドオリセン,名古屋市営地下鉄桜通線,FF0000,赤,,136.9382244,35.14066755,12,0,99517
99518,179,名古屋市営地下鉄上飯田線,ナゴヤシエイチカテツカミイイダセン,名古屋市営地下鉄上飯田線,FF66C4,桃色,,136.929713,35.20122208,15,0,99518
99519,180,ピーチライナー,ピーチライナー,桃花台新交通,,,,136.9585551,35.29823353,13,2,99519
99520,181,豊橋鉄道渥美線,トヨハシテツドウアツミセン,豊橋鉄道渥美線,,,,137.3303607,34.70354168,12,0,99520
99521,181,豊橋鉄道東田本線,トヨハシテツドウアヅマダホンセン,豊橋鉄道東田本線,,,,137.4057546,34.76500606,14,0,99521
99522,181,豊橋鉄道運動公園前線,トヨハシテツドウウンドウコウエンマエセン,豊橋鉄道運動公園前線,,,,137.4220566,34.76186984,16,2,99522
99523,182,ゆとりーとライン,ユトリートライン,ガイドウェイバス志段味線,,,,136.9611979,35.20558123,13,0,99523
99524,183,明知鉄道明知線,アケチテツドウアケチセン,明知鉄道明知線,,,,137.4120125,35.38280304,12,0,99524
99525,184,長良川鉄道越美南線,ナガラガワテツドウエツミナンセン,長良川鉄道越美南線,,,,136.9272076,35.71007664,10,0,99525
99526,185,樽見鉄道樽見線,タルミテツドウタルミセン,樽見鉄道樽見線,,,,136.6283188,35.51524594,11,0,99526
99528,186,三岐鉄道三岐線,サンギテツドウサンギセン,三岐鉄道三岐線,,,,136.544136,35.08747244,11,0,99528
99529,186,三岐鉄道北勢線,サンギテツドウホクセイセン,三岐鉄道北勢線,,,,136.5984984,35.09462668,12,0,99529
99530,187,伊勢鉄道伊勢線,イセテツドウイセセン,伊勢鉄道伊勢線,,,,136.5523658,34.83391616,12,0,99530
99531,188,伊賀鉄道伊賀線,イガテツドウイガセン,伊賀鉄道伊賀線,,,,136.1396261,34.73336053,12,0,99531
99532,189,養老鉄道養老線,ヨウロウテツドウヨウロウセン,養老鉄道養老線,,,,136.6223994,35.26596009,11,0,99532
99601,190,近江鉄道本線,オウミテツドウホンセン,近江鉄道本線,,,,136.2109758,35.15504249,10,0,99601
99602,190,近江鉄道多賀線,オウミテツドウタガセン,近江鉄道多賀線,,,,136.2677014,35.23325261,14,0,99602
99603,190,近江鉄道八日市線,オウミテツドウヨウカイチセン,近江鉄道八日市線,,,,136.1504219,35.11096374,13,0,99603
99604,191,信楽高原鐵道信楽線,シガラキコウゲンテツドウシガラキセン,信楽高原鐵道信楽線,,,,136.0938447,34.91316865,12,0,99604
99605,192,嵯峨野観光線,サガノカンコウセン,嵯峨野観光線,,,,135.6516844,35.02158814,12,0,99605
99606,193,叡山電鉄叡山本線,エイザンデンテツエイザンホンセン,叡山電鉄叡山本線,,,,135.7908797,35.05000422,13,0,99606
99607,193,叡山電鉄鞍馬線,エイザンデンテツクラマセン,叡山電鉄鞍馬線,,,,135.7789774,35.08616881,13,0,99607
99608,194,宮福線,ミヤフクセン,宮福線,,,,135.1450786,35.42665061,11,0,99608
99609,194,宮豊線,ミヤトヨセン,宮豊線,,,,135.0214671,35.58009666,10,0,99609
99653,194,宮舞線,ミヤマイセン,宮舞線,,,,135.2654791,35.49972479,11,0,99609
99610,195,京都市営地下鉄烏丸線,キョウトシエイチカテツカラスマセン,京都市営地下鉄烏丸線,,,,135.7655673,35.01633354,12,0,99610
99611,195,京都市営地下鉄東西線,キョウトシエイチカテツトウザイセン,京都市営地下鉄東西線,,,,135.7661215,34.97917108,12,0,99611
99612,196,京福電鉄嵐山本線,ケイフクデンテツアラシヤマホンセン,京福電鉄嵐山本線,,,,135.7102578,35.0127135,13,0,99612
99613,196,京福電鉄北野線,ケイフクデンテツキタノセン,京福電鉄北野線,,,,135.7124019,35.02593705,14,0,99613
99614,197,北大阪急行電鉄,キタオオサカキュウコウデンテツ,北大阪急行電鉄,,,,135.4954616,34.78992724,12,0,99614
99616,22,泉北線,センボクセン,南海泉北線,,,,135.4892352,34.50927756,12,0,99616
99617,199,水間鉄道水間線,ミズマテツドウミズマセン,水間鉄道水間線,,,,135.3691331,34.42801129,13,0,99617
99618,249,大阪メトロ御堂筋線,オオサカメトロミドウスジセン,高速電気軌道第1号線,e5171f,臙脂,,135.5118377,34.67464546,11,0,99618
99619,249,大阪メトロ谷町線,オオサカメトロタニマチセン,高速電気軌道第2号線,522886,京紫,,135.5527319,34.67567108,12,0,99619
99620,249,大阪メトロ四つ橋線,オオサカメトロヨツバシセン,高速電気軌道第3号線,0078ba,縹,,135.4936511,34.65791996,13,0,99620
99621,249,大阪メトロ中央線,オオサカメトロチュウオウセン,高速電気軌道第4号線,019a66,緑,,135.4957468,34.66777349,12,0,99621
99622,249,大阪メトロ千日前線,オオサカメトロセンニチマエセン,高速電気軌道第5号線,e44d93,紅梅,,135.5153002,34.6767151,13,0,99622
99623,249,大阪メトロ堺筋線,オオサカメトロサカイスジセン,高速電気軌道第6号線,814721,マルーン,,135.5083,34.67762312,13,0,99623
99624,249,大阪メトロ長堀鶴見緑地線,オオサカメトロナガホリツルミリョクチセン,高速電気軌道第7号線,a9cc51,萌黄,,135.5382456,34.69274888,12,0,99624
99652,249,大阪メトロ今里筋線,オオサカメトロイマザトスジセン,高速電気軌道第8号線,ee7b1a,柑子,,135.5502239,34.71778192,13,0,99624
99625,249,大阪メトロ南港ポートタウン線,オオサカメトロナンコウポートタウンセン,大阪市高速電気軌道南港ポートタウン線,00a0de,セルリアンブルー,,135.4409309,34.62838186,13,0,99625
99626,201,大阪モノレール線,オオサカモノレールセン,大阪モノレール線,5058C3,青,,135.5244954,34.78906136,12,0,99626
99627,201,大阪モノレール彩都線,オオサカモノレールサイトセン,国際文化公園都市線,5058C3,青,,135.5270888,34.83077567,13,0,99627
99628,202,阪堺電軌上町線,ハンカイデンキウエマチセン,阪堺電軌上町線,83388,紺,,135.504187,34.62745795,14,0,99628
99629,202,阪堺電軌阪堺線,ハンカイデンキハンカイセン,阪堺電軌阪堺線,8947,緑,,135.4809414,34.59887028,12,0,99629
99630,203,神戸高速東西線,コウベコウソクトウザイセン,神戸高速東西線,2560A8,青,,135.1727403,34.67795666,13,0,99630
99631,203,神戸高速南北線,コウベコウソクナンボクセン,神戸高速南北線,2560A8,青,,135.1673864,34.67788463,16,0,99631
99632,204,有馬線,アリマセン,神鉄有馬線,D53924,朱,,135.1850569,34.75245997,12,0,99632
99633,204,三田線,サンダセン,神鉄三田線,D53924,朱,,135.2221379,34.85009861,12,0,99633
99634,204,公園都市線,コウエントシセン,神鉄公園都市線,D53924,朱,,135.2068426,34.89567764,13,0,99634
99635,204,粟生線,アオセン,神鉄粟生線,D53924,朱,,135.0190351,34.79456506,11,0,99635
99636,211,北神線,ホクシンセン,神戸市営地下鉄北神線,D59A00,ゴールド,,135.17142,34.761691,12,0,99636
99637,206,山陽電鉄本線,サンヨウデンテツホンセン,山陽電鉄本線,F45757,赤,,134.8841417,34.74729359,10,0,99637
99638,206,山陽電鉄網干線,サンヨウデンテツアボシセン,山陽電鉄網干線,F45757,赤,,134.628993,34.79619357,13,0,99638
99615,207,能勢電鉄妙見線,ノセデンテツミョウケンセン,能勢電鉄妙見線,,,,135.4237989,34.87230522,12,0,99640
99640,207,能勢電鉄日生線,ノセデンテツニッセイセン,能勢電鉄日生線,B72142,あずき,,135.402694,34.9008128,14,0,99640
99642,208,三木鉄道三木線,ミキテツドウミキセン,三木鉄道三木線,009CFF,水色,,134.9390908,34.79860467,13,2,99642
99643,209,北条鉄道北条線,ホウジョウテツドウホウジョウセン,北条鉄道北条線,7564D3,青紫,,134.8638858,34.89497888,12,0,99643
99644,210,智頭急行智頭線,チズキュウコウチズセン,智頭急行智頭線,99,紺,,134.3268128,35.09441854,10,0,99644
99645,211,神戸市営地下鉄西神線,コウベシエイチカテツセイシンセン,神戸市営地下鉄西神線,01AF98,緑,,135.0688894,34.68307242,12,0,99645
99646,211,神戸市営地下鉄山手線,コウベシエイチカテツヤマテセン,神戸市営地下鉄山手線,01AF98,緑,,135.1714744,34.68032212,13,0,99646
99647,211,夢かもめ,ユメカモメ,神戸市営地下鉄海岸線,0388C0,青,,135.1688599,34.67065905,13,0,99647
99648,212,ポートライナー,ポートライナー,神戸新交通ポートアイランド線,FAA11C,オレンジ,,135.212604,34.67033354,13,0,99648
99649,212,六甲ライナー,ロッコウライナー,神戸新交通六甲アイランド線,1FCB9F,エメラルド,,135.2677847,34.70298944,14,0,99649
99650,213,紀州鉄道線,キシュウテツドウセン,紀州鉄道線,81042,紺,,135.1561255,33.89542811,14,0,99650
99651,214,貴志川線,キシガワセン,和歌山電鐵貴志川線,DA381B,赤,,135.2408019,34.22928668,12,0,99651
99701,215,若桜線,ワカサセン,若桜鉄道若桜線,,,,134.3023643,35.37899167,12,0,99701
99702,216,北松江線,キタマツエセン,一畑電車北松江線,,,,132.8972022,35.45774737,11,0,99702
99703,216,大社線,タイシャセン,一畑電車大社線,,,,132.7302839,35.38956501,12,0,99703
99704,217,水島本線,ミズシマホンセン,水島臨海鉄道水島本線,,,,133.7478599,34.56420735,13,0,99704
99705,218,井原線,イバラセン,井原鉄道井原線,,,,133.5574914,34.61669576,11,0,99705
99706,219,東山線,ヒガシヤマセン,岡山電軌東山本線,,,,133.9315882,34.66244006,15,0,99706
99707,219,清輝橋線,セイキバシセン,岡山電軌清輝橋線,,,,133.9240087,34.6585708,15,0,99707
99708,220,スカイレールみどり坂線,スカイレールミドリザカセン,広島短距離交通瀬野線,,,,132.593324,34.42745864,15,2,99708
99709,221,アストラムライン,アストラムライン,広島高速交通広島新交通1号線,,,,132.4335823,34.43909913,12,0,99709
99710,222,広電１号線(宇品線),ヒロデンイチゴウセン,広電１号線(宇品線),,,,132.4635322,34.38007803,13,0,99710
99711,222,広電２号線(宮島線),ヒロデンニゴウセン,広電２号線(宮島線),,,,132.3858272,34.37150722,12,0,99711
99712,222,広電３号線,ヒロデンサンゴウセン,広電３号線,,,,132.4524421,34.3815225,13,0,99712
99713,222,広電５号線(皆実線),ヒロデンゴゴウセン,広電５号線(皆実線),,,,132.4676659,34.37814055,13,0,99713
99714,222,広電６号線(江波線),ヒロデンロクゴウセン,広電６号線(江波線),,,,132.454292,34.38857229,14,0,99714
99715,222,広電７号線,ヒロデンナナゴウセン,広電７号線,,,,132.4529,34.383,13,0,99715
99716,222,広電８号線(横川線),ヒロデンハチゴウセン,広電８号線(横川線),,,,132.442765,34.39115629,14,0,99716
99717,222,広電９号線(白島線),ヒロデンキュウゴウセン,広電９号線(白島線),,,,132.4641667,34.40080872,15,0,99717
99718,223,錦川清流線,ニシキガワセイリュウセン,錦川鉄道錦川清流線,,,,132.0590467,34.20744595,11,0,99718
99719,222,循環線,ジュンカンセン,循環線,,,,132.4685883,34.38292587,14,0,99719
99801,224,阿波室戸シーサイドライン,アワムロトシーサイドライン,阿佐海岸鉄道阿佐東線,,,,134.3112574,33.57350417,13,0,99801
99802,225,琴電琴平線,コトデンコトヒラセン,琴電琴平線,,,,133.962144,34.26212761,11,0,99802
99803,225,琴電長尾線,コトデンナガオセン,琴電長尾線,,,,134.0973672,34.30701005,12,0,99803
99804,225,琴電志度線,コトデンシドセン,琴電志度線,,,,134.1165716,34.34515193,12,0,99804
99805,226,伊予鉄道郡中線,イヨテツドウグンチュウセン,伊予鉄道郡中線,,,,132.7298202,33.80853562,12,0,99805
99806,226,伊予鉄道高浜線,イヨテツドウタカハマセン,伊予鉄道高浜線,,,,132.7276955,33.86370357,13,0,99806
99807,226,伊予鉄道横河原線,イヨテツドウヨコガワラセン,伊予鉄道横河原線,,,,132.8235333,33.81259213,12,0,99807
99808,226,伊予鉄道環状線（１系統）,イヨテツドウカンジョウセン,伊予鉄道１系統,,,,132.7622371,33.84489562,14,0,99808
99809,226,伊予鉄道環状線（２系統）,イヨテツドウカンジョウセン,伊予鉄道２系統,,,,132.7626663,33.84375503,15,0,99809
99810,226,伊予鉄道市駅線（３系統）,イヨテツドウシエキセン,伊予鉄道３系統,,,,132.7722681,33.84300174,14,0,99810
99811,226,伊予鉄道松山駅前線（５系統）,イヨテツドウマツヤマエキマエセン,伊予鉄道５系統,,,,132.7686249,33.84361142,14,0,99811
99812,226,伊予鉄道本町線（６系統）,イヨテツドウホンマチセン,伊予鉄道６系統,,,,132.7694636,33.8480866,14,0,99812
99814,227,中村線,ナカムラセン,土佐くろしお鉄道中村線,,,,133.0498857,33.09467023,11,0,99814
99815,227,宿毛線,スクモセン,土佐くろしお鉄道宿毛線,,,,132.8310545,32.96260048,11,0,99815
99816,227,ごめん・なはり線,ゴメン・ナハリセン,土佐くろしお鉄道ごめん・なはり線,,,,133.8252165,33.51597712,11,0,99816
99817,228,ごめん線,ゴメンセン,土佐電鉄ごめん線,,,,133.5993362,33.56862859,13,0,99817
99818,228,伊野線,イノセン,土佐電鉄伊野線,,,,133.4919017,33.55242239,12,0,99818
99819,228,桟橋線,サンバシセン,土佐電鉄桟橋線,,,,133.5465588,33.55246841,14,0,99819
99901,229,甘木鉄道甘木線,アマギテツドウアマギセン,甘木鉄道甘木線,,,,130.5881801,33.41617993,12,0,99901
99902,230,伊田線,イダセン,平成筑豊鉄道伊田線,,,,130.7604366,33.70085453,12,0,99902
99903,230,糸田線,イトダセン,平成筑豊鉄道糸田線,,,,130.7887319,33.65906881,13,0,99903
99904,230,田川線,タガワセン,平成筑豊鉄道田川線,,,,130.9010037,33.66604799,12,0,99904
99928,230,門司港レトロ観光線,モジコウレトロカンコウセン,平成筑豊鉄道門司港レトロ観光線,,,,130.9659488,33.95269438,15,0,99904
99905,231,福岡市営地下鉄空港線,フクオカシエイチカテツクウコウセン,福岡市営地下鉄空港線,,,,130.3838128,33.59356837,12,0,99905
99906,231,福岡市営地下鉄箱崎線,フクオカシエイチカテツハコザキセン,福岡市営地下鉄箱崎線,,,,130.4171163,33.61482657,14,0,99906
99907,231,福岡市営地下鉄七隈線,フクオカシエイチカテツナナクマセン,福岡市営地下鉄七隈線,,,,130.3667894,33.5670827,13,0,99907
99908,232,北九州モノレール,キタキュウシュウモノレール,北九州高速鉄道,,,,130.8735106,33.8560952,13,0,99908
99909,233,筑豊電気鉄道線,チクホウデンキテツドウセン,筑豊電気鉄道線,,,,130.7319842,33.824256,12,0,99909
99910,234,西九州線(有田～伊万里),ニシキュウシュウセン,松浦鉄道西九州線(有田～伊万里),,,,129.8679219,33.22886097,12,0,99910
99911,234,西九州線(伊万里～佐世保),ニシキュウシュウセン,松浦鉄道西九州線(伊万里～佐世保),,,,129.7346398,33.28337205,11,0,99911
99912,235,島原鉄道線,シマバラテツドウセン,島原鉄道線,,,,130.1919946,32.76827488,11,0,99912
99913,236,長崎電軌１系統,ナガサキデンキイチゴウケイトウ,長崎電軌１系統,,,,129.8683887,32.76872904,13,0,99913
99914,236,長崎電軌３系統,ナガサキデンキサンゴウケイトウ,長崎電軌３系統,,,,129.8705408,32.76816252,13,0,99914
99915,236,長崎電軌４系統,ナガサキデンキヨンゴウケイトウ,長崎電軌４系統,,,,129.8841648,32.7476046,15,0,99915
99916,236,長崎電軌５系統,ナガサキデンキゴゴウケイトウ,長崎電軌５系統,,,,129.8816103,32.74553392,14,0,99916
99917,237,熊本電鉄本線,クマモトデンテツホンセン,熊本電鉄本線,,,,130.7298068,32.85062225,13,0,99917
99918,237,熊本電鉄上熊本線,クマモトデンテツカミクマモトセン,熊本電鉄上熊本線,,,,130.709079,32.82357091,14,0,99918
99919,238,高森線,タカモリセン,南阿蘇鉄道高森線,,,,131.0451261,32.84393957,12,0,99919
99920,239,湯前線,ユノマエセン,くま川鉄道湯前線,,,,130.8811357,32.23914364,11,0,99920
99921,240,肥薩おれんじ鉄道線,ヒサツオレンジテツドウセン,肥薩おれんじ鉄道線,,,,130.3913727,32.16841797,10,0,99921
99922,241,熊本市電Ａ系統,クマモトシデンエーライン,熊本市電Ａ系統,,,,130.7221101,32.7910422,13,0,99922
99923,241,熊本市電Ｂ系統,クマモトシデンビーライン,熊本市電Ｂ系統,,,,130.7203426,32.79798979,13,0,99923
99925,242,鹿児島市電１系統,カゴシマシデンイチケイトウ,鹿児島市電１系統,,,,130.5431422,31.56371049,13,0,99925
99926,242,鹿児島市電２系統,カゴシマシデンニケイトウ,鹿児島市電２系統,,,,130.5507184,31.58154362,14,0,99926
99927,243,ゆいレール,ユイレール,沖縄都市モノレール線,,,,127.6881091,26.21229379,13,0,99927